Parish name,Acadia,Allen,Ascension,Assumption,Avoyelles,Beauregard,Bienville,Bossier,Caddo,Calcasieu,Caldwell,Cameron,Catahoula,Claiborne,Concordia,De Soto,East Baton Rouge,East Carroll,East Feliciana,Evangeline,Franklin,Grant,Iberia,Iberville,Jackson,Jefferson,Jefferson Davis,Lafayette,Lafourche,LaSalle,Lincoln,Livingston,Madison,Morehouse,Natchitoches,Orleans,Ouachita,Plaquemines,Pointe Coupee,Rapides,Red River,Richland,Sabine,St. Bernard,St. Charles,St. Helena,St. James,St. John the Baptist,St. Landry,St. Martin,St. Mary,St. Tammany,Tangipahoa,Tensas,Terrebonne,Union,Vermilion,Vernon,Washington,Webster,West Baton Rouge,West Carroll,West Feliciana,Winn
Acadia,0.0,35.20413188848955,89.94811498213839,85.23338387244404,59.389740047724445,60.7907249800214,146.72598304924102,178.94872267919303,180.0920422636338,56.7310627784098,125.36511494691706,54.86947048501178,100.52484365042982,177.82060166815975,91.85972772434975,144.72149412974517,80.42347422460246,182.01367761114588,89.96673756870898,30.19480272622257,134.26278690523267,90.60881489731393,48.99962804277277,63.56279796670689,138.84211388531043,141.2072540263544,24.091349750622072,21.603148560952125,129.1984294293284,96.6629437007899,159.91744848165055,101.12106050614976,158.7254548015867,177.96009666947407,106.73002423651931,149.38331197903958,151.49287051530072,178.10704354242435,56.339434127708806,62.964970165468806,135.79193346973932,151.48452545264362,110.90834942332525,173.59655825024097,125.83737101325939,107.84797036197574,98.58975894295214,116.68027418177172,32.23021271363037,49.35315312087324,69.83311377913496,146.81183643953935,121.94318423125961,133.90710278857313,110.68744998956721,175.09523138007853,31.039142423870636,72.70880081537652,146.57270088640584,175.5935263300226,66.72903261268273,181.08929790169637,71.71281566906549,114.6975385402667
Allen,35.20413188848955,0.0,118.52881965261028,117.62456374741855,57.1257897386353,30.68613423156154,117.5052301127306,146.8626495562294,146.63147031606638,43.04577008431174,107.72067213790145,57.855042320445,90.82920309742254,149.8163706727531,89.15097671705949,110.5665634141204,103.53894992612595,171.2661166791976,106.87718069280656,25.66168890955902,122.69207819205617,67.13354880645613,83.76844776258908,92.32091383481401,114.72447930682507,172.1670767849527,26.554487186044327,55.00139821126165,162.17879316772212,80.86658184592623,134.5981612980749,126.06731983266698,150.5233661708811,161.0779995140272,75.43449639464852,177.78937438324553,131.88301452727117,210.13437799211326,73.17079455169684,41.46413571007063,103.7252828256993,136.85404178346698,76.12085633677403,203.0218291853803,156.3730438396025,126.54898385262402,128.9997499835145,145.35715250606148,49.123177048335656,81.28670586731313,104.58189041781826,171.92889911324926,144.2941383928742,127.9733450149062,145.24360882538576,152.4699146888011,63.19800745721776,37.84148322449,166.4134449221136,145.073038609847,91.27173176193966,167.83236238289803,85.20286450347882,89.67173850371034
Ascension,89.94811498213839,118.52881965261028,0.0,22.59841437065684,88.48818290678078,148.37227752192086,194.71572205291474,233.18885037324807,240.07775185219387,146.38343815436758,148.43661431155465,138.63726330722835,115.06327595931586,218.38632923369434,95.9235367090795,210.51756154481825,25.548779705427183,175.27657412611518,44.909243436609586,96.25075835377511,140.40530277939484,137.24202573627267,53.463991719400546,26.48303876733615,174.3380583620229,55.013805085092685,113.89386998430714,68.96019188312854,52.70120844664799,125.71087273812714,195.01127793207587,19.63457274790064,150.15197954771892,187.77828924310873,166.68531856037424,59.54730993405755,173.11179643411182,94.1816585480824,53.92176624778129,118.40242672182224,194.0236901562588,160.65675381287656,182.88498908538463,84.4931556238936,38.987525254904135,44.24712626839523,14.074020885199506,26.890877939723204,70.79927200735457,42.03229642360294,46.312377333119954,58.70591649693921,41.954817643320204,126.46252693801084,54.39857827007509,200.61388745337825,88.18646416933491,149.02240640401155,68.55346820042244,224.4612584251088,29.933573600426698,180.97758167243066,55.585547015762124,157.63104889927186
Assumption,85.23338387244404,117.62456374741855,22.59841437065684,0.0,98.42585155396263,145.81474732035707,205.7900487054186,243.35496176968064,248.8493987532484,139.46786451380285,163.36805865815853,128.029317489118,130.19186708385973,231.4272343529091,111.7826065461794,217.3272301886415,43.85203221643731,195.25040701181305,64.94380122384477,98.50940527558734,157.93351863307964,147.040841744921,40.2112953214117,30.01826746762527,187.62023236486783,56.5846841121656,107.99803157199892,63.65852290617593,44.656631806949534,138.63705858523505,208.78400368184245,42.05692519772838,169.95558604927965,205.73764333900755,174.30037972998846,68.83104842573562,188.9246165758377,92.8810451534496,64.28513734358248,125.21243305244126,202.64082087804792,178.22187940807765,187.41093218834718,90.4161076392286,42.164516942998134,66.70973518809764,18.205255354671998,38.581105870747365,74.1314499726129,36.34490263036696,26.443045649642254,74.68903812507534,63.4261429286556,145.57632485200116,35.56426989323324,216.24690586335316,75.93807761456131,151.46645194774774,89.46375415535091,235.78813534892606,41.49203624231302,200.21075705337964,70.66213539791211,168.9537013739751
Avoyelles,59.389740047724445,57.1257897386353,88.48818290678078,98.42585155396263,0.0,85.00982751053456,107.36424431454141,145.1597823434375,151.5999878320024,99.66460878369656,70.34239313978688,109.1043399649486,41.65341847411933,133.7582346777537,33.25008743025565,122.62026372560251,65.38031235228405,122.68147291263087,58.942314329705454,33.9179415119471,75.34305624463931,48.88167804330275,82.84555135242734,68.40985123830436,90.58689748529338,142.76742260601154,73.78716645283426,60.013065989090165,140.31103965544395,42.433613759262755,112.10447746070538,87.52604725967132,99.3609914547457,120.72775794165628,78.56912201723902,141.6946820634832,97.02543843576072,182.04572856703734,34.71208717336008,32.62042840869887,105.53796546226539,93.48334760319413,97.81931962640496,167.9944766551527,126.93778227173132,78.63648571489492,102.04851148715564,112.24494152919897,32.88882117272904,69.32661504117326,99.0421759819551,129.92935035510226,99.77130363212106,74.7559575166955,133.0653115889612,122.92893049592124,86.87752044959302,70.16414508121427,117.41727085940072,137.36493258717226,58.82037981050883,122.23479565814276,37.070274762912526,70.58656184312382
Beauregard,60.7907249800214,30.68613423156154,148.37227752192086,145.81474732035707,85.00982751053456,0.0,118.25504603213204,140.69721248841904,136.8519826537705,28.89722497009208,123.09566021866354,54.005527641381185,113.01286778424118,151.18334137343635,114.98322085747087,99.68258668845917,134.15624646453458,189.8300780237016,137.37866217852098,56.07000596648964,142.1119479431971,80.31544976425447,109.43442158821355,121.97585763428684,122.99003491623034,201.27729446218163,41.05381252379507,82.20779311499814,189.96524363788453,99.63738661333974,140.37236761095625,156.59076127101216,171.3015834269515,174.99221372828148,75.47753286717918,207.825812415337,144.24357978564203,238.6751078436651,103.82870915975126,61.2357992678824,99.51914949135319,153.4469563519018,64.29803247899487,232.79419781368688,185.65129673619506,157.12622096101677,158.2652598084108,175.25780450302108,79.74907768412622,109.61038626494533,130.1494286649176,202.50431123470645,174.9791514323459,150.74442939277654,171.0497463566835,160.86235768621688,82.25760379562065,33.04612271498792,196.9996358654045,142.2692181527208,121.7189641356438,184.59915937207316,115.51120980053412,98.55455495454726
Bienville,146.72598304924102,117.5052301127306,194.71572205291474,205.7900487054186,107.36424431454141,118.25504603213204,0.0,39.334942963755005,50.871436473203794,147.00755956742927,57.763480769019154,170.49009874338586,85.09632049185583,32.94733035974328,103.84987839557265,44.69082206217995,170.11962541095943,109.55745446919144,157.37829953024783,117.9160986154928,82.2811823383307,59.19473669401268,186.20027681299192,175.7733800769794,29.320874552321044,247.44559494236591,143.98601740230143,158.7221710906302,247.15704152151508,69.98649457282211,28.79573692813359,190.2435610356753,106.06635370616794,80.10318689120042,43.05249699288562,242.73636735066634,53.44458853492934,286.33806006506916,141.80043170946007,84.91811827352183,24.144048056844653,75.73410268194479,61.405677346776315,268.70632619806224,232.06565327739284,173.73324666184672,208.59429831508703,216.38660254138043,135.48363358650687,175.2055091241807,204.53189628474806,226.54976287284694,196.30275630031852,103.34215957521374,240.27641781024522,51.90609207492395,177.66355756774917,85.69891820085657,205.45398712800315,30.030220331866335,165.68994896882404,98.14612044512047,139.73871735315444,37.08566921888889
Bossier,178.94872267919303,146.8626495562294,233.18885037324807,243.35496176968064,145.1597823434375,140.69721248841904,39.334942963755005,0.0,17.523128184649185,169.36142655718913,95.92626077331116,194.6363770820153,124.40661478247465,36.83653281924821,143.1823501363935,43.62102213813144,208.86791031783656,138.12092915944618,196.59402176483923,151.7475521829753,118.96552605480831,96.33450126875576,221.3960673239428,213.36779441243695,66.42403581449469,286.3559903030129,172.52550048745422,193.07697920694116,285.4041647501548,109.20700262045388,55.06031798272194,229.30171033810527,139.59058616308405,105.45194031011665,72.23757542984566,281.99408007903196,85.71288542283037,325.3471204449517,179.82513843547233,119.83405484083359,43.206598383830695,108.95868466046981,76.84212194109674,307.99650213635573,270.8736162923503,213.0632763027529,246.9677721468296,255.33662593270873,171.4922335361385,211.57159186172393,240.4546612292968,265.8841568838547,235.63409180708794,140.4450200289156,277.3463805794243,72.40290448341092,209.29952658922804,110.9699929175296,244.58740198123388,15.911303537252804,203.86533361117122,125.33968317690898,178.57682803735813,75.94568519010686
Caddo,180.0920422636338,146.63147031606638,240.07775185219387,248.8493987532484,151.5999878320024,136.8519826537705,50.871436473203794,17.523128184649185,0.0,164.9279871185516,108.6289879738798,190.7757260991588,134.9492497193949,54.27806193148493,153.09433668319417,37.170289297878135,216.37591984885805,154.6697464062392,205.44507022089593,154.41700343284108,132.79131522356963,102.89889176611806,224.5058987393462,219.03844437913446,79.73841308743788,294.00658093500056,171.3871480076761,195.6819721813674,291.7487793654837,118.61038872319783,71.03200282311323,237.49472803375903,154.89882124202444,122.33663017930031,74.91208711114201,290.8461150097262,101.08211758827754,333.19274333589874,186.27362991655562,123.91910870561442,46.211982586936244,124.23266160957645,72.63534235152619,317.0170497416836,278.3153925501339,222.67887084189522,253.63587082039746,263.1592759891496,175.74369063077597,215.8583790307235,244.13580635508728,275.67803865314164,245.23075366885826,154.03998885009014,282.10322507610965,89.51689427740025,209.73271320884578,109.43271219273322,255.62534565077752,33.195381035777785,210.39310447019378,142.06669304013602,186.41809150087627,85.08425444687731
Calcasieu,56.7310627784098,43.04577008431174,146.38343815436758,139.46786451380285,99.66460878369656,28.89722497009208,147.00755956742927,169.36142655718913,164.9279871185516,0.0,147.9367689363844,26.29229116691123,133.59640400633535,179.9512142917825,132.1086047965924,127.79535751614472,136.78416345418245,213.19267526332885,144.269939193103,66.41723172079003,164.79290127666314,105.65254148258548,100.15547155566826,120.14295647481045,150.44381996421745,196.02532818708855,32.640620260918105,77.437104014427,181.8180199239723,122.47672173107972,168.49323993847466,157.82433880456597,193.11717306358995,200.7400093269321,104.09705567815281,205.5757251459459,170.4965310430181,231.53358388247716,109.94970391864811,82.88032216720488,128.40705890979604,177.8340915653423,92.68623813443908,229.23908820872623,181.10672103631524,163.08896841569174,154.2110025814082,172.92976187698892,84.65524551900204,104.94431330517374,119.74742288327332,203.54267178755904,178.34979912894863,170.9245745283538,159.8233268928035,188.45638760894147,67.3391989355734,61.43021684008551,202.42190838667779,171.15736800349305,123.26068219705296,208.9947155342225,123.9274251876647,125.64183003713067
Caldwell,125.36511494691706,107.72067213790145,148.43661431155465,163.36805865815853,70.34239313978688,123.09566021866354,57.763480769019154,95.92626077331116,108.6289879738798,147.9367689363844,0.0,165.57431582424445,33.37608782744945,71.90197981494497,52.643959863632844,95.11691642350372,122.9293329997967,67.82415758353144,106.705375987306,95.48934760311951,26.118945381981746,42.79465259803662,152.9935176191812,134.26403987245374,29.60707718447032,197.85084491950326,132.32940519856803,129.9485176848446,200.9740579369629,28.75116258033554,47.53080595705025,140.40014812521255,54.504567730518346,53.40980651878756,62.94104222181034,190.42361149703626,26.68476587930152,235.79509659371237,100.03846536351477,66.30210432293308,71.7477703067759,30.493618593940308,92.09854266036801,215.8103726590639,183.2649149845513,120.66652049973817,162.50445999193633,166.91419780420597,103.10961265773042,138.57747254455055,168.14137121625566,172.46815679427456,142.9305645970906,45.99552377703591,198.89160868323484,53.12899580857053,155.21861778158714,92.53035414842134,149.3852751775459,83.0888387997997,121.88520788741596,61.534028734534246,93.1237464148429,32.2073466545747
Cameron,54.86947048501178,57.855042320445,138.63726330722835,128.029317489118,109.1043399649486,54.005527641381185,170.49009874338586,194.6363770820153,190.7757260991588,26.29229116691123,165.57431582424445,0.0,147.08960342199686,203.3906500059775,142.34998037172545,153.60902853310245,133.57158559039277,228.39437948807182,144.6646955916416,75.32024125708773,179.79970546496074,124.63398610593464,87.81809726778263,113.59988813376722,171.37081660150372,184.2259959337878,35.318470319887524,71.45188018196117,167.7735021913849,138.48396154167168,190.40762913955788,152.6351915253785,206.8081313254544,218.93117956041883,127.43878068754572,196.2373910057068,189.5878084226801,217.6498575154289,111.20872937188327,99.29428731474827,153.02532065017456,194.5696194082422,118.2917729922122,218.43007152819757,170.19370356663637,162.0539527487663,144.3708692007416,164.1496371195719,86.78430336169144,96.64077044038454,105.37561442759608,197.15564481071414,174.5677220259779,183.22421119468592,143.5759962216347,209.3537305979848,52.24016041853893,84.93103533728052,200.02511083740094,195.70747682127396,119.64760887668851,225.4434323055752,126.52417271555625,146.30637413202342
Catahoula,100.52484365042982,90.82920309742254,115.06327595931586,130.19186708385973,41.65341847411933,113.01286778424118,85.09632049185583,124.40661478247465,134.9492497193949,133.59640400633535,33.37608782744945,147.08960342199686,0.0,104.285252662,19.477354779456736,114.34397300335749,89.56441050633177,81.75418034893202,73.82515967815131,72.56448329748474,33.75534610232527,42.24954602787269,122.09445314013756,101.36820861165474,60.51006564845361,164.940408760703,112.15066454971922,101.36029207177255,167.62296252734643,18.48726512010849,80.33357320743188,107.42462374594844,59.77303394953274,79.55986607309659,73.69413477515187,158.43483732348432,58.805894432254235,203.19065494296356,67.50368681355226,51.77880662753869,92.56119725324403,52.01832906150323,100.9296128020379,184.15741312707013,150.17047050286217,88.93957000605462,129.13247988313225,133.9201036862431,74.12872252401564,106.83600086227632,136.10341027349588,141.5470831509965,111.45557812798695,37.73156384719007,165.74535003777237,86.05597460117097,128.53061360876774,87.88714452817895,120.68992484729856,113.1753333245133,88.70125520542052,80.63750527972852,59.780389653549996,50.26902860630758
Claiborne,177.82060166815975,149.8163706727531,218.38632923369434,231.4272343529091,133.7582346777537,151.18334137343635,32.94733035974328,36.83653281924821,54.27806193148493,179.9512142917825,71.90197981494497,203.3906500059775,104.285252662,0.0,123.76008234764642,68.35759606392844,193.13826220940626,102.6909677892295,178.10971812043908,148.37867833674784,90.6575765173391,88.06013921199346,215.00608397641028,201.59683436692106,44.05292751045636,269.2142729618282,176.35787551475727,188.43007544000145,271.08752670843114,92.87296672815526,24.57119559226608,211.69371733028726,107.0287380579874,69.47370775921159,75.97477591391632,262.29833225798797,54.46111153508372,307.4445551043618,167.15254761420888,115.15175989564715,54.14239960695411,77.08916189668408,92.70524471268385,287.71227047704684,254.35039673875707,192.55320593928016,232.43535332951234,238.17345516750868,163.9346767510085,202.85202747447426,232.48569547332127,244.3009314236111,214.8324089756448,112.09354356084826,266.5351297632415,36.13643252587375,208.85358469449534,118.64243743473105,220.49811400944196,21.133504996710528,190.41212463829694,89.59407705864817,162.80815891134924,64.06795040747141
Concordia,91.85972772434975,89.15097671705949,95.9235367090795,111.7826065461794,33.25008743025565,114.98322085747087,103.84987839557265,143.1823501363935,153.09433668319417,132.1086047965924,52.643959863632844,142.34998037172545,19.477354779456736,123.76008234764642,0.0,130.41288577850372,70.38227136395548,91.779627861273,54.354929441877836,67.09623836284796,47.40308057947794,55.28535865671724,106.85724520170585,83.59611878191735,79.94059763492567,145.4630737018233,107.03167914526792,89.00109233710238,148.36806414724563,34.58006064782434,99.79685423079806,87.94788030091705,67.45806100306088,95.16720087173059,87.98022121561971,139.15449283343807,77.30040954129333,183.737798697405,50.78550455444229,55.50029466404913,109.53284116560599,67.35640129643568,113.30719872227779,164.97800561094877,130.711879907795,69.88579982720105,109.97390240526136,114.44546624640721,62.25408437356408,90.73253811112087,119.39002309129683,122.73405231240449,92.45318730640253,42.179162254537864,147.33847436589184,104.75702059950915,117.47042284300433,94.2850954821677,103.19495128557892,132.33969945826735,70.40756286579318,93.13168516514388,41.12223295854365,68.01985562944934
De Soto,144.72149412974517,110.5665634141204,210.51756154481825,217.3272301886415,122.62026372560251,99.68258668845917,44.69082206217995,43.62102213813144,37.170289297878135,127.79535751614472,95.11691642350372,153.60902853310245,114.34397300335749,68.35759606392844,130.41288577850372,0.0,187.9991262743969,153.54654360758047,179.51652739284577,120.5893231060112,121.15191473229432,76.06570443354336,190.51940016872337,187.96830581470965,71.177494499973,265.2171078619226,134.7559522259004,161.4057957026748,261.08449231139815,96.31326481985298,73.16274049090384,210.01515202474835,147.6758149093321,124.77240033433579,44.08630050814704,264.0618788244181,97.1166244846571,304.5047569094744,156.66012540776623,92.32111707876892,23.464722966832813,118.25810491341153,35.521013266976766,290.36769802095563,249.30122412297334,197.96183253102691,223.65006728246394,234.8466828182871,143.36551478436323,183.1369920858165,210.6009083068752,250.754561459368,220.20995862414807,140.7542091906336,249.53080232406373,95.91632174354982,173.7641646834426,72.9497448573194,233.49691231348376,51.08455716346328,180.59127657406574,142.53092556641323,159.00795277683042,65.06288509374288
East Baton Rouge,80.42347422460246,103.53894992612595,25.548779705427183,43.85203221643731,65.38031235228405,134.15624646453458,170.11962541095943,208.86791031783656,216.37591984885805,136.78416345418245,122.9293329997967,133.57158559039277,89.56441050633177,193.13826220940626,70.38227136395548,187.9991262743969,0.0,151.3989916365136,21.344202822344787,79.15562502086462,115.0828939990073,113.50020546712396,58.28491342480071,24.516870081695455,149.08637782869127,77.6310049220647,104.28992636654834,62.1797096042051,78.07256074000232,100.68401797643114,169.63258310938778,22.955403275331463,126.11048291340518,162.63051892411062,143.94775838996603,76.87099332006781,147.56500980727316,116.83729203141421,32.32548067352907,96.78343537873786,170.55968447589387,135.3614574163049,162.06308264832802,103.06301840215518,62.014203510324535,30.132478156562996,39.59164675039195,46.88696518175842,54.416377658376206,41.62951713991899,60.15329424323644,68.42309463659332,41.56585275549467,101.85906426875512,78.5990761672746,175.06566467302235,87.60894544253696,130.23664075231684,66.45364313728726,199.70904709332788,13.934988426404518,156.48878231340154,30.43488969281007,133.05732339239657
East Carroll,182.01367761114588,171.2661166791976,175.27657412611518,195.25040701181305,122.68147291263087,189.8300780237016,109.55745446919144,138.12092915944618,154.6697464062392,213.19267526332885,67.82415758353144,228.39437948807182,81.75418034893202,102.6909677892295,91.779627861273,153.54654360758047,151.3989916365136,0.0,130.51832767150384,154.30656987372635,48.6034052645892,110.0819213098504,197.55880236089715,170.57688269284657,82.72992200794287,213.1643968261207,193.71085151038864,180.76185387375094,223.34202448420095,90.71939330069479,83.82955708066324,160.74635298629138,25.368964572482014,33.54520521190786,129.29331621537466,199.08736103014908,56.43882771820754,246.39181891107353,141.0370536112288,130.32119015835082,130.6751823162646,37.69740376955513,158.02383970092728,220.88440665670754,201.54781640511948,135.2125557090208,188.21645034415653,185.13450273826686,153.85697832186904,180.7133538549425,207.87852133636835,176.8236122029762,153.09757322638512,50.7232696601074,229.60555719257778,66.70096647780751,209.00635383300562,160.13638329805806,147.323258155195,122.32981363714647,156.3887807334976,13.478642112226876,128.11381922313288,98.36496950484607
East Feliciana,89.96673756870898,106.87718069280656,44.909243436609586,64.94380122384477,58.942314329705454,137.37866217852098,157.37829953024783,196.59402176483923,205.44507022089593,144.269939193103,106.705375987306,144.6646955916416,73.82515967815131,178.10971812043908,54.354929441877836,179.51652739284577,21.344202822344787,130.51832767150384,0.0,81.31032872976907,96.19145854574403,103.61985449073526,77.09351007652495,44.28082030319301,134.28210629077432,91.15548412477142,112.6887556789184,74.97787132932615,95.58243717788469,87.39613352306343,154.07599520374188,33.70816751656804,105.31992673972893,143.17002368230385,135.5809668317723,85.44305762868808,130.1414484942855,129.4002526315241,34.325305955842,91.56240462008527,160.45513633514759,116.32777079131279,156.61817605534839,111.57329649326874,76.64347573710248,19.990435579235825,58.333901870513415,60.21766299864615,59.615486681888385,59.66562498650932,81.11477529593779,71.3521763105863,40.93967441389339,81.56995609765104,99.10426005530103,157.63561466282334,102.7993042430558,128.24107362270203,59.73643093100098,186.34708951594402,30.72303880965181,136.06847637047622,22.38401161730571,120.74060064770912
Evangeline,30.19480272622257,25.66168890955902,96.25075835377511,98.50940527558734,33.9179415119471,56.07000596648964,117.9160986154928,151.7475521829753,154.41700343284108,66.41723172079003,95.48934760311951,75.32024125708773,72.56448329748474,148.37867833674784,67.09623836284796,120.5893231060112,79.15562502086462,154.30656987372635,81.31032872976907,0.0,105.98448125359224,60.67716035761338,70.1034182812551,70.86376645864415,108.75095647792084,150.8628447268265,40.024522712504954,41.354375076476806,143.0684728274193,66.90922136123719,129.9244610431365,101.97201769124659,131.93705239965055,148.41205711659393,79.77379405126113,154.74317722672222,121.442195647259,189.53442499672647,47.94143453829065,33.22740186930607,108.98471324403306,122.37580992508558,89.12014420217275,180.41042818802745,134.88229862345727,101.06629374397109,107.78211478051848,122.74311095996669,25.45920608155046,63.04400320745614,90.01468430460396,147.53594962431222,119.30899958806185,107.98515364635145,129.23405082832477,144.90043395460435,60.97921514325789,53.103548658882964,140.9404642643109,147.27373688814495,67.66644025740028,152.50781054583913,59.546097789663065,84.83368059231658
Franklin,134.26278690523267,122.69207819205617,140.40530277939484,157.93351863307964,75.34305624463931,142.1119479431971,82.2811823383307,118.96552605480831,132.79131522356963,164.79290127666314,26.118945381981746,179.79970546496074,33.75534610232527,90.6575765173391,47.40308057947794,121.15191473229432,115.0828939990073,48.6034052645892,96.19145854574403,105.98448125359224,0.0,63.74862760021024,154.11936968878416,130.57401401332237,53.06985985425914,185.80605845745444,145.18380709377232,134.71861134812644,191.77228778067806,42.510856789236236,66.33626164742707,129.37977204979643,29.84633957337729,47.91909013340737,88.22330847529754,175.86303579495512,36.85210529942642,222.41693320900828,98.18834950045819,81.92519066892521,97.73762443308235,20.29450878489174,117.3650646282937,200.34215357590404,172.18039015907408,106.7681372086001,154.21537783919706,155.55289632574545,107.51877842789447,138.12894357853034,166.74196252270423,156.18192256688988,128.03374731081584,21.573819437073137,193.33338166613885,63.18926922495757,162.19890232384446,113.652948261496,130.66554853463552,104.99467710574204,116.99921385881062,46.89379983837497,87.65146779757411,58.006944205190734
Grant,90.60881489731393,67.13354880645613,137.24202573627267,147.040841744921,48.88167804330275,80.31544976425447,59.19473669401268,96.33450126875576,102.89889176611806,105.65254148258548,42.79465259803662,124.63398610593464,42.24954602787269,88.06013921199346,55.28535865671724,76.06570443354336,113.50020546712396,110.0819213098504,103.61985449073526,60.67716035761338,63.74862760021024,0.0,127.2558750736087,117.04206145645495,48.389513167446985,191.12422404647728,92.99913474952042,100.37124409216315,189.19241506425126,24.112846224099776,69.31010384684666,134.8708423933286,93.5736052877382,95.09165580514156,32.75585566785579,188.61069493191852,65.03449177782666,230.33501605432326,83.59024258530752,27.677604339228374,57.111315467845834,73.22095895225289,58.74842235348283,214.8814817485079,175.41721784519228,121.90198980624639,150.88811214144746,160.32865171613994,76.36171660598575,116.01077419268982,145.36359928199877,174.7433964307672,144.1900461112645,76.91406007474214,181.24534148156457,85.58347016208718,121.58375649568825,50.10703233873092,157.74337392202543,89.19572831495056,107.68576341751951,104.32477609406983,83.72250606904475,24.16909496692356
Iberia,48.99962804277277,83.76844776258908,53.463991719400546,40.2112953214117,82.84555135242734,109.43442158821355,186.20027681299192,221.3960673239428,224.5058987393462,100.15547155566826,152.9935176191812,87.81809726778263,122.09445314013756,215.00608397641028,106.85724520170585,190.51940016872337,58.28491342480071,197.55880236089715,77.09351007652495,70.1034182812551,154.11936968878416,127.2558750736087,0.0,33.81111613361234,172.8046109858781,96.55822525346748,69.7443446543881,29.234554945342357,81.6964808644206,125.27008836988057,194.3765068723174,70.73953157126189,172.4486144838243,201.45825268605023,149.75270858438952,108.69587274195797,179.6257129230144,131.37901037929024,56.52526537193134,101.6442998056028,178.91640909338622,173.69650372010432,158.02280420167236,130.61823215367644,82.37579562163361,88.19195376390655,56.951626734246155,77.16600667577613,51.089140584735446,17.61183977570817,20.839971892873947,111.83935119020987,93.83972893585828,146.8647985685328,61.696707992112934,205.76493351267308,35.7896718613729,120.34205177063262,120.55589761308642,216.01152173653512,46.377926937100355,199.88746494968828,70.21781403791111,150.96817858902372
Iberville,63.56279796670689,92.32091383481401,26.48303876733615,30.01826746762527,68.40985123830436,121.97585763428684,175.7733800769794,213.36779441243695,219.03844437913446,120.14295647481045,134.26403987245374,113.59988813376722,101.36820861165474,201.59683436692106,83.59611878191735,187.96830581470965,24.516870081695455,170.57688269284657,44.28082030319301,70.86376645864415,130.57401401332237,117.04206145645495,33.81111613361234,0.0,157.88842920737446,80.0867991196497,87.57737230764816,42.87935466599522,73.13029679042448,108.92374314931803,179.14792406409128,39.184088900322344,145.21540078872604,178.49225297961146,144.66573564615194,86.02991163720124,160.17099867214904,118.67195199756692,34.489644759556626,95.68262138895038,172.82696321845867,150.7580280166228,158.8784382579269,110.81931536208066,64.17075396785302,54.3903188326683,36.93345346734431,53.356114611224534,45.65484896808799,17.871239077780523,37.52421854737971,83.77435713547757,61.77231914242209,120.09471277158,64.96061720570596,187.3197124450058,64.93833208742662,123.93239683210665,88.1367260120485,205.77418649159105,14.291361796962477,174.41687142845785,42.998151144838396,138.95479276308646
Jackson,138.84211388531043,114.72447930682507,174.3380583620229,187.62023236486783,90.58689748529338,122.99003491623034,29.320874552321044,66.42403581449469,79.73841308743788,150.44381996421745,29.60707718447032,171.37081660150372,60.51006564845361,44.05292751045636,79.94059763492567,71.177494499973,149.08637782869127,82.72992200794287,134.28210629077432,108.75095647792084,53.06985985425914,48.389513167446985,172.8046109858781,157.88842920737446,0.0,225.30501235853367,140.96924387473456,147.27583846893071,227.03913364914558,48.983221094071965,21.57195066794406,167.78855027704918,77.05552827070183,56.75635058516066,50.87629232280034,218.88194526227653,26.50684568382886,263.6767974762201,123.40434184119688,76.03713681914297,48.024373296810765,47.13466384362713,77.56690944286663,244.49927723624273,210.36652461460292,149.25067826514714,188.39001776960077,194.241431636168,121.78121195642251,159.90460787487183,189.61371924103983,201.4891805904737,171.67627996054233,74.31566444187193,222.8490354034841,38.03709479623718,169.73014574288848,90.14327559114452,178.89787780279966,53.51046064628865,146.48111372804198,72.4782817465576,118.75725569866773,25.086069199989417
Jefferson,141.2072540263544,172.1670767849527,55.013805085092685,56.5846841121656,142.76742260601154,201.27729446218163,247.44559494236591,286.3559903030129,294.00658093500056,196.02532818708855,197.85084491950326,184.2259959337878,164.940408760703,269.2142729618282,145.4630737018233,265.2171078619226,77.6310049220647,213.1643968261207,91.15548412477142,150.8628447268265,185.80605845745444,191.12422404647728,96.55822525346748,80.0867991196497,225.30501235853367,0.0,164.36864082608528,119.61666264293957,23.559856549151768,177.65201520947312,245.2284809887232,57.52102290664913,189.39221927207134,231.16512647778288,221.2627265997931,22.702652754693354,220.85415175337053,39.28858817899217,108.57750523078256,173.29298267959476,248.15819792033298,205.47326915215535,237.89798005067996,34.84279511826111,16.031353672452358,79.26581554880337,43.19072791618746,31.091033229238686,125.4924941256512,91.86126818416804,79.52878598816625,44.03321713978648,60.1001875414875,168.6476884850251,51.36576333625765,248.24996274414082,131.9940896738175,203.8271283821443,73.55263074759331,276.8322497912767,84.85119952822244,221.1508171227661,107.78287444008217,210.4517910991567
Jefferson Davis,24.091349750622072,26.554487186044327,113.89386998430714,107.99803157199892,73.78716645283426,41.05381252379507,143.98601740230143,172.52550048745422,171.3871480076761,32.640620260918105,132.32940519856803,35.318470319887524,112.15066454971922,176.35787551475727,107.03167914526792,134.7559522259004,104.28992636654834,193.71085151038864,112.6887556789184,40.024522712504954,145.18380709377232,92.99913474952042,69.7443446543881,87.57737230764816,140.96924387473456,164.36864082608528,0.0,45.065551804580515,151.2406640917135,104.54589495144303,161.03719650957822,125.19210815313193,171.76277416020466,185.72277583964456,101.67238811152225,173.22465868876773,157.21074569542384,200.6272088271063,78.52005067804413,66.27078774508409,129.55431380037027,160.62658046703353,99.54755876656681,197.18075714307486,149.20978479682327,131.11440380287,122.11623076260472,140.54025395890216,53.37068752350868,72.7766128063781,90.12430901416973,170.90307694504335,145.84847622338742,147.9892495175116,130.88467308986807,178.54949082553586,41.27248304475942,61.959503824284646,170.1897561574247,171.28914168904782,90.69162989514903,191.25040796558156,93.18127438857434,115.97444670537823
Lafayette,21.603148560952125,55.00139821126165,68.96019188312854,63.65852290617593,60.013065989090165,82.20779311499814,158.7221710906302,193.07697920694116,195.6819721813674,77.437104014427,129.9485176848446,71.45188018196117,101.36029207177255,188.43007544000145,89.00109233710238,161.4057957026748,62.1797096042051,180.76185387375094,74.97787132932615,41.354375076476806,134.71861134812644,100.37124409216315,29.234554945342357,42.87935466599522,147.27583846893071,119.61666264293957,45.065551804580515,0.0,107.77812526593127,101.43819859671605,168.76863793524456,81.43806728126113,156.38341239504368,180.7176335122348,121.12428263113532,128.17575331340058,156.59388667360406,156.5393717534785,44.30453150287688,73.81339356453982,150.3379116436268,153.35824077080972,128.7882682257134,152.15195472383658,104.29026770664844,91.1743639331952,77.10059063374564,95.50637874529396,27.231589600865586,27.789094897934117,49.828670747614545,126.6168018483106,103.13325264394517,130.89228615761198,90.28037190982317,181.78200176265645,29.314420093482564,91.15185388432943,128.61430770306666,188.30558833742214,48.24499269364441,181.44345586233538,60.193149756415565,124.42116446954631
Lafourche,129.1984294293284,162.17879316772212,52.70120844664799,44.656631806949534,140.31103965544395,189.96524363788453,247.15704152151508,285.4041647501548,291.7487793654837,181.8180199239723,200.9740579369629,167.7735021913849,167.62296252734643,271.08752670843114,148.36806414724563,261.08449231139815,78.07256074000232,223.34202448420095,95.58243717788469,143.0684728274193,191.77228778067806,189.19241506425126,81.6964808644206,73.13029679042448,227.03913364914558,23.559856549151768,151.2406640917135,107.77812526593127,0.0,178.38629127860466,247.68560231732368,62.863747378238294,198.77704731310484,238.5268235393043,217.6653311598156,45.694366579229325,225.3269188667109,49.89545916964459,105.60383010963061,168.7759645978688,245.5706427233156,211.88316813603765,231.78316816669243,56.3528894733585,23.71881602363585,88.15733487624735,38.66262543888725,38.681719990976454,118.40606247178675,80.9093776562602,62.463683894740385,64.53854837009094,73.05170344951283,176.37897536803067,28.529513430422142,252.84705598774897,115.78139406131417,196.0843116729953,91.60340873224045,276.98099307005066,81.53883515099089,230.23959487338058,108.28434479670027,210.0915756324888
LaSalle,96.6629437007899,80.86658184592623,125.71087273812714,138.63705858523505,42.433613759262755,99.63738661333974,69.98649457282211,109.20700262045388,118.61038872319783,122.47672173107972,28.75116258033554,138.48396154167168,18.48726512010849,92.87296672815526,34.58006064782434,96.31326481985298,100.68401797643114,90.71939330069479,87.39613352306343,66.90922136123719,42.510856789236236,24.112846224099776,125.27008836988057,108.92374314931803,48.983221094071965,177.65201520947312,104.54589495144303,101.43819859671605,178.38629127860466,0.0,70.24248889718105,120.32491547311142,71.73949651907219,81.53044101813454,55.21082501513878,172.78782755733266,55.22650633960449,216.4331774117016,74.43488836056726,39.63047309409984,75.02526968876084,56.11469869618877,82.56296686604047,198.81246156683332,162.4138119993,104.10093712189041,139.72409114986465,146.56687113144588,74.82981073151689,111.55904084773569,141.2638365310839,157.07901506428001,126.66793538712427,53.19329282315207,173.88191242827543,80.56110411336341,126.46910526350632,72.07936047342103,137.6897348919381,99.18055372114644,97.53986193335714,86.97743596565647,70.25281614905352,33.53837286699173
Lincoln,159.91744848165055,134.5981612980749,195.01127793207587,208.78400368184245,112.10447746070538,140.37236761095625,28.79573692813359,55.06031798272194,71.03200282311323,168.49323993847466,47.53080595705025,190.40762913955788,80.33357320743188,24.57119559226608,99.79685423079806,73.16274049090384,169.63258310938778,83.82955708066324,154.07599520374188,129.9244610431365,66.33626164742707,69.31010384684666,194.3765068723174,179.14792406409128,21.57195066794406,245.2284809887232,161.03719650957822,168.76863793524456,247.68560231732368,70.24248889718105,0.0,187.72970892044728,84.65630724593728,52.49000763414965,65.57903790358222,237.9458569304181,30.954818193577875,283.2906593530949,144.65901937944153,96.97725006328606,52.78344662300156,54.1333418071243,88.5198568399769,263.2816737018547,230.50399097225915,168.1844546656416,209.08126808464067,214.2354621735737,143.34940337270604,181.4302945266706,211.14387233444373,219.79067107985378,190.4056221491426,87.85702549445266,244.09652428656645,23.178154990220968,190.87696367682787,107.32647422279308,195.931497783722,39.81548383066619,167.52104220468783,71.56170261376576,139.44566140700334,45.32769254950286
Livingston,101.12106050614976,126.06731983266698,19.63457274790064,42.05692519772838,87.52604725967132,156.59076127101216,190.2435610356753,229.30171033810527,237.49472803375903,157.82433880456597,140.40014812521255,152.6351915253785,107.42462374594844,211.69371733028726,87.94788030091705,210.01515202474835,22.955403275331463,160.74635298629138,33.70816751656804,101.97201769124659,129.37977204979643,134.8708423933286,70.73953157126189,39.184088900322344,167.78855027704918,57.52102290664913,125.19210815313193,81.43806728126113,62.863747378238294,120.32491547311142,187.72970892044728,0.0,136.02027612508965,175.7757876102254,165.92897584162307,54.198198275096416,163.7722786088405,96.10826606501156,55.23984197358662,119.37502866156288,191.97731868099746,149.35711968935038,184.74629979636725,80.4811751418416,42.96061046655174,26.322008584055606,28.7215400883806,26.514050109899216,76.99337076568544,56.82465190733283,65.72251367996242,45.98225715254542,23.11254902847165,113.53156852678454,71.10888297523344,191.24494921320846,103.9446503273076,153.18885578442163,49.864554801450915,219.48241099256003,34.93853861462167,167.4079327631152,51.14947806852524,153.3560278244881
Madison,158.7254548015867,150.5233661708811,150.15197954771892,169.95558604927965,99.3609914547457,171.3015834269515,106.06635370616794,139.59058616308405,154.89882124202444,193.11717306358995,54.504567730518346,206.8081313254544,59.77303394953274,107.0287380579874,67.45806100306088,147.6758149093321,126.11048291340518,25.368964572482014,105.31992673972893,131.93705239965055,29.84633957337729,93.5736052877382,172.4486144838243,145.21540078872604,77.05552827070183,189.39221927207134,171.76277416020466,156.38341239504368,198.77704731310484,71.73949651907219,84.65630724593728,136.02027612508965,0.0,45.27923354115377,117.39905434259073,176.24843238654313,53.88912276852998,223.54598008044448,115.9587283619891,110.54360680046845,124.23746151056298,30.66991866900455,146.56861816092461,198.8872888421391,177.32124068324768,110.81471122743523,163.2168608447401,160.8079887856528,129.71158224113157,155.51084770669627,182.5376344508513,154.54809668673417,129.52209379096536,25.628155559073452,204.4241812357846,73.47152875443703,184.92782733445472,143.3840647339247,125.94935792478005,124.47031638447756,131.02196304793858,31.781748861615483,102.81829653034883,86.69985335742876
Morehouse,177.96009666947407,161.0779995140272,187.77828924310873,205.73764333900755,120.72775794165628,174.99221372828148,80.10318689120042,105.45194031011665,122.33663017930031,200.7400093269321,53.40980651878756,218.93117956041883,79.55986607309659,69.47370775921159,95.16720087173059,124.77240033433579,162.63051892411062,33.54520521190786,143.17002368230385,148.41205711659393,47.91909013340737,95.09165580514156,201.45825268605023,178.49225297961146,56.75635058516066,231.16512647778288,185.72277583964456,180.7176335122348,238.5268235393043,81.53044101813454,52.49000763414965,175.7757876102254,45.27923354115377,0.0,107.01920233371249,219.4731684167406,31.28073876005362,266.59076645926086,145.90626852930802,119.69749576606259,102.87633429840994,27.818645645480352,134.31193141648512,242.85674841881576,218.18317505481784,151.91703409726915,201.45181009136294,201.53946017174223,153.51562897614673,185.758259981886,214.55706639765353,198.43558172346815,172.0469410609518,62.51758911116663,241.0656931887103,33.34831339221033,207.1872449578006,143.19899610308764,170.57442718063024,89.56652627360985,164.9038168759899,20.196426656780492,135.56615453372362,77.63799833790105
Natchitoches,106.73002423651931,75.43449639464852,166.68531856037424,174.30037972998846,78.56912201723902,75.47753286717918,43.05249699288562,72.23757542984566,74.91208711114201,104.09705567815281,62.94104222181034,127.43878068754572,73.69413477515187,75.97477591391632,87.98022121561971,44.08630050814704,143.94775838996603,129.29331621537466,135.5809668317723,79.77379405126113,88.22330847529754,32.75585566785579,149.75270858438952,144.66573564615194,50.87629232280034,221.2627265997931,101.67238811152225,121.12428263113532,217.6653311598156,55.21082501513878,65.57903790358222,165.92897584162307,117.39905434259073,107.01920233371249,0.0,219.9816049975077,75.8556675947642,260.5505726302001,112.7749346177294,49.11981022489351,29.220520156769528,91.6660037131682,29.170814240446916,246.28831715192624,205.3782741229272,154.2352741512095,179.95078953892119,190.81286456424513,100.86792477715093,140.96199462435249,169.2530075808134,206.88889176732363,176.36900234102637,105.02858059753608,207.25272476381028,87.2707675490482,137.20672998427017,42.696143376160826,190.4583265248441,69.64126166972237,136.7897966157839,120.8278669444941,114.93238286534658,31.005264794940423
Orleans,149.38331197903958,177.78937438324553,59.54730993405755,68.83104842573562,141.6946820634832,207.825812415337,242.73636735066634,281.99408007903196,290.8461150097262,205.5757251459459,190.42361149703626,196.2373910057068,158.43483732348432,262.29833225798797,139.15449283343807,264.0618788244181,76.87099332006781,199.08736103014908,85.44305762868808,154.74317722672222,175.86303579495512,188.61069493191852,108.69587274195797,86.02991163720124,218.88194526227653,22.702652754693354,173.22465868876773,128.17575331340058,45.694366579229325,172.78782755733266,237.9458569304181,54.198198275096416,176.24843238654313,219.4731684167406,219.9816049975077,0.0,211.90778154540516,47.31759067443758,109.16393314426334,173.55965272649215,245.6440242828747,194.88620148141698,238.90572169629618,26.308006042411908,28.08894961011043,69.76354386990567,51.86666478004528,32.70548781373013,129.35933966696422,100.6715067618208,94.30406497353735,23.596498509375404,47.83647840353292,157.2960679375573,72.1337281473516,238.9544578567559,144.47849798108032,206.7957167253997,54.456205132408094,271.48762651726213,87.09772346300973,207.98147486194432,105.05660861989703,206.17896449418095
Ouachita,151.49287051530072,131.88301452727117,173.11179643411182,188.9246165758377,97.02543843576072,144.24357978564203,53.44458853492934,85.71288542283037,101.08211758827754,170.4965310430181,26.68476587930152,189.5878084226801,58.805894432254235,54.46111153508372,77.30040954129333,97.1166244846571,147.56500980727316,56.43882771820754,130.1414484942855,121.442195647259,36.85210529942642,65.03449177782666,179.6257129230144,160.17099867214904,26.50684568382886,220.85415175337053,157.21074569542384,156.59388667360406,225.3269188667109,55.22650633960449,30.954818193577875,163.7722786088405,53.88912276852998,31.28073876005362,75.8556675947642,211.90778154540516,0.0,258.0926545479044,126.17669523819693,90.94219496144204,74.26238397981042,23.246803629401228,103.54296865704866,236.6956675096155,206.73162233105248,142.38443932983026,187.12785290675117,190.2035990844777,129.79020403276138,165.0507701800786,194.54150007772776,192.69034912276945,164.0905479320609,57.92450985373998,224.48765010684252,27.52024199170305,181.59627554387302,112.1622963718719,167.50495562195962,70.7181890220819,147.44991748044225,45.97268899966966,118.3453325312054,46.390879902830285
Plaquemines,178.10704354242435,210.13437799211326,94.1816585480824,92.8810451534496,182.04572856703734,238.6751078436651,286.33806006506916,325.3471204449517,333.19274333589874,231.53358388247716,235.79509659371237,217.6498575154289,203.19065494296356,307.4445551043618,183.737798697405,304.5047569094744,116.83729203141421,246.39181891107353,129.4002526315241,189.53442499672647,222.41693320900828,230.33501605432326,131.37901037929024,118.67195199756692,263.6767974762201,39.28858817899217,200.6272088271063,156.5393717534785,49.89545916964459,216.4331774117016,283.2906593530949,96.10826606501156,223.54598008044448,266.59076645926086,260.5505726302001,47.31759067443758,258.0926545479044,0.0,147.8588840168347,212.54570695466484,287.39464133580316,241.69012795399163,277.02508925376594,29.69932437181032,55.232689063161814,115.72645935322114,81.78783527556396,70.04854319082797,164.27695815145964,129.0867621020353,112.35881566214589,69.98712749432327,94.59273056899607,204.2751423256611,75.7688370961772,285.32079554434193,165.6764216297445,242.59929281405428,100.66432335228048,315.5852244915633,124.07851464033673,255.28833898363973,146.84763603336995,249.40919195232416
Pointe Coupee,56.339434127708806,73.17079455169684,53.92176624778129,64.28513734358248,34.71208717336008,103.82870915975126,141.80043170946007,179.82513843547233,186.27362991655562,109.94970391864811,100.03846536351477,111.20872937188327,67.50368681355226,167.15254761420888,50.78550455444229,156.66012540776623,32.32548067352907,141.0370536112288,34.325305955842,47.94143453829065,98.18834950045819,83.59024258530752,56.52526537193134,34.489644759556626,123.40434184119688,108.57750523078256,78.52005067804413,44.30453150287688,105.60383010963061,74.43488836056726,144.65901937944153,55.23984197358662,115.9587283619891,145.90626852930802,112.7749346177294,109.16393314426334,126.17669523819693,147.8588840168347,0.0,64.80599785034232,140.1631242551351,118.08766428555023,129.88831176094254,135.30737821900183,92.64285309564124,53.536982719125824,67.36306287594181,78.50849049568568,25.295124176704757,39.98331864337375,68.71716832312386,100.05543253676639,71.39443195982957,90.3570766338057,99.44717159840255,153.15635079676767,73.51387229603921,97.98882652223045,93.33077572520892,171.73993047976833,24.119551479897666,143.49200713076638,15.913680941219647,104.83428222647835
Rapides,62.964970165468806,41.46413571007063,118.40242672182224,125.21243305244126,32.62042840869887,61.2357992678824,84.91811827352183,119.83405484083359,123.91910870561442,82.88032216720488,66.30210432293308,99.29428731474827,51.77880662753869,115.15175989564715,55.50029466404913,92.32111707876892,96.78343537873786,130.32119015835082,91.56240462008527,33.22740186930607,81.92519066892521,27.677604339228374,101.6442998056028,95.68262138895038,76.03713681914297,173.29298267959476,66.27078774508409,73.81339356453982,168.7759645978688,39.63047309409984,96.97725006328606,119.37502866156288,110.54360680046845,119.69749576606259,49.11981022489351,173.55965272649215,90.94219496144204,212.54570695466484,64.80599785034232,0.0,77.83443353142404,95.43154585859615,65.41458371331575,199.80890111332965,157.31329505274465,111.23388258001847,131.38517760305638,143.3081627528408,51.849714012540105,91.9862861612292,120.6362518552274,162.44864856570908,132.36694141768533,89.50991931360174,158.18412216053997,112.91433603800553,93.9710063732389,39.07493550428555,149.78320079428798,114.51234923287694,88.47579130985514,126.47095515643478,69.5903666124621,51.732673364646736
Red River,135.79193346973932,103.7252828256993,194.0236901562588,202.64082087804792,105.53796546226539,99.51914949135319,24.144048056844653,43.206598383830695,46.211982586936244,128.40705890979604,71.7477703067759,153.02532065017456,92.56119725324403,54.14239960695411,109.53284116560599,23.464722966832813,170.55968447589387,130.6751823162646,160.45513633514759,108.98471324403306,97.73762443308235,57.111315467845834,178.91640909338622,172.82696321845867,48.024373296810765,248.15819792033298,129.55431380037027,150.3379116436268,245.5706427233156,75.02526968876084,52.78344662300156,191.97731868099746,124.23746151056298,102.87633429840994,29.220520156769528,245.6440242828747,74.26238397981042,287.39464133580316,140.1631242551351,77.83443353142404,0.0,94.96741328327704,38.5845533598761,271.89273129912885,232.4013498059478,178.278851198188,207.52223188547214,217.41435915820037,129.6840741811945,169.8195993309566,198.3106421494176,231.27000041533358,200.72877422931478,117.51929941098713,235.9860157634861,75.953152021526,166.0947701070192,68.46707898512355,212.7075939336037,42.75037229287913,164.27786056599598,120.00743700774183,140.83124732420174,42.51887891961275
Richland,151.48452545264362,136.85404178346698,160.65675381287656,178.22187940807765,93.48334760319413,153.4469563519018,75.73410268194479,108.95868466046981,124.23266160957645,177.8340915653423,30.493618593940308,194.5696194082422,52.01832906150323,77.08916189668408,67.35640129643568,118.25810491341153,135.3614574163049,37.69740376955513,116.32777079131279,122.37580992508558,20.29450878489174,73.22095895225289,173.69650372010432,150.7580280166228,47.13466384362713,205.47326915215535,160.62658046703353,153.35824077080972,211.88316813603765,56.11469869618877,54.1333418071243,149.35711968935038,30.66991866900455,27.818645645480352,91.6660037131682,194.88620148141698,23.246803629401228,241.69012795399163,118.08766428555023,95.43154585859615,94.96741328327704,0.0,120.51212895753504,218.97738432967878,192.05580562853726,126.27279215294436,174.44025348255272,175.41328878158185,126.12932863492976,157.94498598184805,186.7439628186526,174.64744639386407,147.13870315183988,37.90552451669629,213.62749113544652,45.656997986004754,180.23181041782686,123.02286121771687,148.09674529785525,93.93566842717702,137.24373326006395,31.185446955113758,107.88164477409677,60.69882283849267
Sabine,110.90834942332525,76.12085633677403,182.88498908538463,187.41093218834718,97.81931962640496,64.29803247899487,61.405677346776315,76.84212194109674,72.63534235152619,92.68623813443908,92.09854266036801,118.2917729922122,100.9296128020379,92.70524471268385,113.30719872227779,35.521013266976766,162.06308264832802,158.02383970092728,156.61817605534839,89.12014420217275,117.3650646282937,58.74842235348283,158.02280420167236,158.8784382579269,77.56690944286663,237.89798005067996,99.54755876656681,128.7882682257134,231.78316816669243,82.56296686604047,88.5198568399769,184.74629979636725,146.56861816092461,134.31193141648512,29.170814240446916,238.90572169629618,103.54296865704866,277.02508925376594,129.88831176094254,65.41458371331575,38.5845533598761,120.51212895753504,0.0,265.12523283566077,221.87241354488432,176.03661300752282,195.393157890119,208.32828198000615,113.37755033936651,152.16381773590908,178.48743209217645,227.74769349946007,197.53109906292897,133.7785115787416,218.2519320063041,111.39796423587734,139.14937651684767,38.280779899057954,213.76127874830115,80.24483809204719,153.10738666184082,149.10368817848118,134.88712542592992,60.04703017183653
St. Bernard,173.59655825024097,203.0218291853803,84.4931556238936,90.4161076392286,167.9944766551527,232.79419781368688,268.70632619806224,307.99650213635573,317.0170497416836,229.23908820872623,215.8103726590639,218.43007152819757,184.15741312707013,287.71227047704684,164.97800561094877,290.36769802095563,103.06301840215518,220.88440665670754,111.57329649326874,180.41042818802745,200.34215357590404,214.8814817485079,130.61823215367644,110.81931536208066,244.49927723624273,34.84279511826111,197.18075714307486,152.15195472383658,56.3528894733585,198.81246156683332,263.2816737018547,80.4811751418416,198.8872888421391,242.85674841881576,246.28831715192624,26.308006042411908,236.6956675096155,29.69932437181032,135.30737821900183,199.80890111332965,271.89273129912885,218.97738432967878,265.12523283566077,0.0,48.28025298048408,95.24947238006483,75.06511549810484,57.70757320957243,154.97022204605963,124.40418736211716,114.22416233588255,44.421720153163875,72.879893564265,181.16776978496637,84.88131375088413,263.5270379238397,166.2695141923019,232.72511666098637,73.74066248350577,297.30406810643393,112.89724874332353,230.43132644657612,131.36079007745613,232.25524652481477
St. Charles,125.83737101325939,156.3730438396025,38.987525254904135,42.164516942998134,126.93778227173132,185.65129673619506,232.06565327739284,270.8736162923503,278.3153925501339,181.10672103631524,183.2649149845513,170.19370356663637,150.17047050286217,254.35039673875707,130.711879907795,249.30122412297334,62.014203510324535,201.54781640511948,76.64347573710248,134.88229862345727,172.18039015907408,175.41721784519228,82.37579562163361,64.17075396785302,210.36652461460292,16.031353672452358,149.20978479682327,104.29026770664844,23.71881602363585,162.4138119993,230.50399097225915,42.96061046655174,177.32124068324768,218.18317505481784,205.3782741229272,28.08894961011043,206.73162233105248,55.232689063161814,92.64285309564124,157.31329505274465,232.4013498059478,192.05580562853726,221.87241354488432,48.28025298048408,0.0,66.53707603137815,27.392449740707853,16.648073470335405,109.49403521461839,76.5011938938405,66.72089549845369,42.21114475238854,49.75288743557419,155.7357456376818,45.56922563444403,234.20002028621008,118.0839254078395,187.82054385411382,67.98994268011955,261.56184537310537,68.8511291103269,208.97138437793637,92.3283942304407,195.0267303416999
St. Helena,107.84797036197574,126.54898385262402,44.24712626839523,66.70973518809764,78.63648571489492,157.12622096101677,173.73324666184672,213.0632763027529,222.67887084189522,163.08896841569174,120.66652049973817,162.0539527487663,88.93957000605462,192.55320593928016,69.88579982720105,197.96183253102691,30.132478156562996,135.2125557090208,19.990435579235825,101.06629374397109,106.7681372086001,121.90198980624639,88.19195376390655,54.3903188326683,149.25067826514714,79.26581554880337,131.11440380287,91.1743639331952,88.15733487624735,104.10093712189041,168.1844546656416,26.322008584055606,110.81471122743523,151.91703409726915,154.2352741512095,69.76354386990567,142.38443932983026,115.72645935322114,53.536982719125824,111.23388258001847,178.278851198188,126.27279215294436,176.03661300752282,95.24947238006483,66.53707603137815,0.0,54.97931335986617,49.99389319572657,78.62578422324228,71.75164433148213,87.76309682103408,53.01695002947044,22.574872718518083,89.4020989300467,97.37264052433473,169.59457162020735,117.52978103940845,148.18554132592539,39.874199155317925,202.11269465673175,43.55068955224718,142.43820869551638,42.3696515044916,137.63768144769526
St. James,98.58975894295214,128.9997499835145,14.074020885199506,18.205255354671998,102.04851148715564,158.2652598084108,208.59429831508703,246.9677721468296,253.63587082039746,154.2110025814082,162.50445999193633,144.3708692007416,129.13247988313225,232.43535332951234,109.97390240526136,223.65006728246394,39.59164675039195,188.21645034415653,58.333901870513415,107.78211478051848,154.21537783919706,150.88811214144746,56.951626734246155,36.93345346734431,188.39001776960077,43.19072791618746,122.11623076260472,77.10059063374564,38.66262543888725,139.72409114986465,209.08126808464067,28.7215400883806,163.2168608447401,201.45181009136294,179.95078953892119,51.86666478004528,187.12785290675117,81.78783527556396,67.36306287594181,131.38517760305638,207.52223188547214,174.44025348255272,195.393157890119,75.06511549810484,27.392449740707853,54.97931335986617,0.0,20.48059507093434,82.49048803310971,49.33971783249631,44.648298069849474,56.483783419331566,47.347833059296995,139.86359670626274,42.39589489530799,214.63580473019894,92.69026370750906,160.82151853546728,72.50973278582347,238.38051020902037,43.24485200128382,194.2533361530869,69.64693768823982,171.5160958517222
St. John the Baptist,116.68027418177172,145.35715250606148,26.890877939723204,38.581105870747365,112.24494152919897,175.25780450302108,216.38660254138043,255.33662593270873,263.1592759891496,172.92976187698892,166.91419780420597,164.1496371195719,133.9201036862431,238.17345516750868,114.44546624640721,234.8466828182871,46.88696518175842,185.13450273826686,60.21766299864615,122.74311095996669,155.55289632574545,160.32865171613994,77.16600667577613,53.356114611224534,194.241431636168,31.091033229238686,140.54025395890216,95.50637874529396,38.681719990976454,146.56687113144588,214.2354621735737,26.514050109899216,160.8079887856528,201.53946017174223,190.81286456424513,32.70548781373013,190.2035990844777,70.04854319082797,78.50849049568568,143.3081627528408,217.41435915820037,175.41328878158185,208.32828198000615,57.70757320957243,16.648073470335405,49.99389319572657,20.48059507093434,0.0,97.29120634599472,68.103908247987,64.97723430905795,36.35166510417589,34.675367243085205,139.10117238651287,54.46894225490789,217.65549269743448,112.7860714099241,175.235019793406,56.272247207743014,245.74741473087272,55.421217367357386,192.42525165550944,76.80086891715757,179.41371708170115
St. Landry,32.23021271363037,49.123177048335656,70.79927200735457,74.1314499726129,32.88882117272904,79.74907768412622,135.48363358650687,171.4922335361385,175.74369063077597,84.65524551900204,103.10961265773042,86.78430336169144,74.12872252401564,163.9346767510085,62.25408437356408,143.36551478436323,54.416377658376206,153.85697832186904,59.615486681888385,25.45920608155046,107.51877842789447,76.36171660598575,51.089140584735446,45.65484896808799,121.78121195642251,125.4924941256512,53.37068752350868,27.231589600865586,118.40606247178675,74.82981073151689,143.34940337270604,76.99337076568544,129.71158224113157,153.51562897614673,100.86792477715093,129.35933966696422,129.79020403276138,164.27695815145964,25.295124176704757,51.849714012540105,129.6840741811945,126.12932863492976,113.37755033936651,154.97022204605963,109.49403521461839,78.62578422324228,82.49048803310971,97.29120634599472,0.0,40.13812852223418,69.07730414460902,122.81097945613416,95.35552995597847,104.36593638365603,106.38857727354403,155.37119753900626,55.2163471837355,78.3414781833146,118.26399789241677,165.4111985307059,42.36863291089342,154.28718196614085,39.86853854972757,99.92339533199826
St. Martin,49.35315312087324,81.28670586731313,42.03229642360294,36.34490263036696,69.32661504117326,109.61038626494533,175.2055091241807,211.57159186172393,215.8583790307235,104.94431330517374,138.57747254455055,96.64077044038454,106.83600086227632,202.85202747447426,90.73253811112087,183.1369920858165,41.62951713991899,180.7133538549425,59.66562498650932,63.04400320745614,138.12894357853034,116.01077419268982,17.61183977570817,17.871239077780523,159.90460787487183,91.86126818416804,72.7766128063781,27.789094897934117,80.9093776562602,111.55904084773569,181.4302945266706,56.82465190733283,155.51084770669627,185.758259981886,140.96199462435249,100.6715067618208,165.0507701800786,129.0867621020353,39.98331864337375,91.9862861612292,169.8195993309566,157.94498598184805,152.16381773590908,124.40418736211716,76.5011938938405,71.75164433148213,49.33971783249631,68.103908247987,40.13812852223418,0.0,29.717579418954376,100.53183817116337,79.58175783948974,129.9902371923472,66.39695293457844,191.62486753741894,47.133344562088205,115.61082150709196,106.00022816824719,205.1983942293762,29.036555352871602,183.44045170139145,52.91824817191837,139.13555245437612
St. Mary,69.83311377913496,104.58189041781826,46.312377333119954,26.443045649642254,99.0421759819551,130.1494286649176,204.53189628474806,240.4546612292968,244.13580635508728,119.74742288327332,168.14137121625566,105.37561442759608,136.10341027349588,232.48569547332127,119.39002309129683,210.6009083068752,60.15329424323644,207.87852133636835,81.11477529593779,90.01468430460396,166.74196252270423,145.36359928199877,20.839971892873947,37.52421854737971,189.61371924103983,79.52878598816625,90.12430901416973,49.828670747614545,62.463683894740385,141.2638365310839,211.14387233444373,65.72251367996242,182.5376344508513,214.55706639765353,169.2530075808134,94.30406497353735,194.54150007772776,112.35881566214589,68.71716832312386,120.6362518552274,198.3106421494176,186.7439628186526,178.48743209217645,114.22416233588255,66.72089549845369,87.76309682103408,44.648298069849474,64.97723430905795,69.07730414460902,29.717579418954376,0.0,101.13207458742326,88.25799679714576,157.27639274672512,40.9048053144054,221.2287393725948,53.31771109026453,140.97386004483178,114.76904356879393,234.47965780904292,51.81544119785772,211.35324544601022,79.86137073813899,168.6758100293002
St. Tammany,146.81183643953935,171.92889911324926,58.70591649693921,74.68903812507534,129.92935035510226,202.50431123470645,226.54976287284694,265.8841568838547,275.67803865314164,203.54267178755904,172.46815679427456,197.15564481071414,141.5470831509965,244.3009314236111,122.73405231240449,250.754561459368,68.42309463659332,176.8236122029762,71.3521763105863,147.53594962431222,156.18192256688988,174.7433964307672,111.83935119020987,83.77435713547757,201.4891805904737,44.03321713978648,170.90307694504335,126.6168018483106,64.53854837009094,157.07901506428001,219.79067107985378,45.98225715254542,154.54809668673417,198.43558172346815,206.88889176732363,23.596498509375404,192.69034912276945,69.98712749432327,100.05543253676639,162.44864856570908,231.27000041533358,174.64744639386407,227.74769349946007,44.421720153163875,42.21114475238854,53.01695002947044,56.483783419331566,36.35166510417589,122.81097945613416,100.53183817116337,101.13207458742326,0.0,30.555887175695215,136.80267671993087,87.57666144170221,219.36696393223045,146.87922806989,197.83889290500167,30.906429508151714,254.6462455069781,80.9202103406476,186.15158590444685,92.86890251046864,190.61710239314868
Tangipahoa,121.94318423125961,144.2941383928742,41.954817643320204,63.4261429286556,99.77130363212106,174.9791514323459,196.30275630031852,235.63409180708794,245.23075366885826,178.34979912894863,142.9305645970906,174.5677220259779,111.45557812798695,214.8324089756448,92.45318730640253,220.20995862414807,41.56585275549467,153.09757322638512,40.93967441389339,119.30899958806185,128.03374731081584,144.1900461112645,93.83972893585828,61.77231914242209,171.67627996054233,60.1001875414875,145.84847622338742,103.13325264394517,73.05170344951283,126.66793538712427,190.4056221491426,23.11254902847165,129.52209379096536,172.0469410609518,176.36900234102637,47.83647840353292,164.0905479320609,94.59273056899607,71.39443195982957,132.36694141768533,200.72877422931478,147.13870315183988,197.53109906292897,72.879893564265,49.75288743557419,22.574872718518083,47.347833059296995,34.675367243085205,95.35552995597847,79.58175783948974,88.25799679714576,30.555887175695215,0.0,109.68404641121347,87.91693017214266,191.118146036059,126.70360605435584,168.41610096140516,26.760403272169178,224.62955553934987,55.23166916052373,161.30308743612716,62.816611696197654,160.2026878409008
Tensas,133.90710278857313,127.9733450149062,126.46252693801084,145.57632485200116,74.7559575166955,150.74442939277654,103.34215957521374,140.4450200289156,154.03998885009014,170.9245745283538,45.99552377703591,183.22421119468592,37.73156384719007,112.09354356084826,42.179162254537864,140.7542091906336,101.85906426875512,50.7232696601074,81.56995609765104,107.98515364635145,21.573819437073137,76.91406007474214,146.8647985685328,120.09471277158,74.31566444187193,168.6476884850251,147.9892495175116,130.89228615761198,176.37897536803067,53.19329282315207,87.85702549445266,113.53156852678454,25.628155559073452,62.51758911116663,105.02858059753608,157.2960679375573,57.92450985373998,204.2751423256611,90.3570766338057,89.50991931360174,117.51929941098713,37.90552451669629,133.7785115787416,181.16776978496637,155.7357456376818,89.4020989300467,139.86359670626274,139.10117238651287,104.36593638365603,129.9902371923472,157.27639274672512,136.80267671993087,109.68404641121347,0.0,180.43028802347726,83.23566572268375,159.56567730895642,125.00701198268332,110.25066173005045,126.55845119667718,105.98454901059118,54.63612616413623,77.4450526892662,76.2671944147121
Terrebonne,110.68744998956721,145.24360882538576,54.39857827007509,35.56426989323324,133.0653115889612,171.0497463566835,240.27641781024522,277.3463805794243,282.10322507610965,159.8233268928035,198.89160868323484,143.5759962216347,165.74535003777237,266.5351297632415,147.33847436589184,249.53080232406373,78.5990761672746,229.60555719257778,99.10426005530103,129.23405082832477,193.33338166613885,181.24534148156457,61.696707992112934,64.96061720570596,222.8490354034841,51.36576333625765,130.88467308986807,90.28037190982317,28.529513430422142,173.88191242827543,244.09652428656645,71.10888297523344,204.4241812357846,241.0656931887103,207.25272476381028,72.1337281473516,224.48765010684252,75.7688370961772,99.44717159840255,158.18412216053997,235.9860157634861,213.62749113544652,218.2519320063041,84.88131375088413,45.56922563444403,97.37264052433473,42.39589489530799,54.46894225490789,106.38857727354403,66.39695293457844,40.9048053144054,87.57666144170221,87.91693017214266,180.43028802347726,0.0,251.8013245793358,92.62952878688962,181.1533412311285,110.73628948221506,270.3051884705839,77.04482362294898,235.04156832296604,106.21629227581002,203.6452176314002
Union,175.09523138007853,152.4699146888011,200.61388745337825,216.24690586335316,122.92893049592124,160.86235768621688,51.90609207492395,72.40290448341092,89.51689427740025,188.45638760894147,53.12899580857053,209.3537305979848,86.05597460117097,36.13643252587375,104.75702059950915,95.91632174354982,175.06566467302235,66.70096647780751,157.63561466282334,144.90043395460435,63.18926922495757,85.58347016208718,205.76493351267308,187.3197124450058,38.03709479623718,248.24996274414082,178.54949082553586,181.78200176265645,252.84705598774897,80.56110411336341,23.178154990220968,191.24494921320846,73.47152875443703,33.34831339221033,87.2707675490482,238.9544578567559,27.52024199170305,285.32079554434193,153.15635079676767,112.91433603800553,75.953152021526,45.656997986004754,111.39796423587734,263.5270379238397,234.20002028621008,169.59457162020735,214.63580473019894,217.65549269743448,155.37119753900626,191.62486753741894,221.2287393725948,219.36696393223045,191.118146036059,83.23566572268375,251.8013245793358,0.0,205.69339223469177,127.91479737732325,193.46172428902818,56.49162548187682,174.75705732196388,53.50443528587685,145.74125526560326,63.051516893847506
Vermilion,31.039142423870636,63.19800745721776,88.18646416933491,75.93807761456131,86.87752044959302,82.25760379562065,177.66355756774917,209.29952658922804,209.73271320884578,67.3391989355734,155.21861778158714,52.24016041853893,128.53061360876774,208.85358469449534,117.47042284300433,173.7641646834426,87.60894544253696,209.00635383300562,102.7993042430558,60.97921514325789,162.19890232384446,121.58375649568825,35.7896718613729,64.93833208742662,169.73014574288848,131.9940896738175,41.27248304475942,29.314420093482564,115.78139406131417,126.46910526350632,190.87696367682787,103.9446503273076,184.92782733445472,207.1872449578006,137.20672998427017,144.47849798108032,181.59627554387302,165.6764216297445,73.51387229603921,93.9710063732389,166.0947701070192,180.23181041782686,139.14937651684767,166.2695141923019,118.0839254078395,117.52978103940845,92.69026370750906,112.7860714099241,55.2163471837355,47.133344562088205,53.31771109026453,146.87922806989,126.70360605435584,159.56567730895642,92.62952878688962,205.69339223469177,0.0,100.93721640028421,153.04350869724487,206.37207391293757,73.97917127458423,209.07687587627842,89.3500343516035,145.69945415450306
Vernon,72.70880081537652,37.84148322449,149.02240640401155,151.46645194774774,70.16414508121427,33.04612271498792,85.69891820085657,110.9699929175296,109.43271219273322,61.43021684008551,92.53035414842134,84.93103533728052,87.88714452817895,118.64243743473105,94.2850954821677,72.9497448573194,130.23664075231684,160.13638329805806,128.24107362270203,53.103548658882964,113.652948261496,50.10703233873092,120.34205177063262,123.93239683210665,90.14327559114452,203.8271283821443,61.959503824284646,91.15185388432943,196.0843116729953,72.07936047342103,107.32647422279308,153.18885578442163,143.3840647339247,143.19899610308764,42.696143376160826,206.7957167253997,112.1622963718719,242.59929281405428,97.98882652223045,39.07493550428555,68.46707898512355,123.02286121771687,38.280779899057954,232.72511666098637,187.82054385411382,148.18554132592539,160.82151853546728,175.235019793406,78.3414781833146,115.61082150709196,140.97386004483178,197.83889290500167,168.41610096140516,125.00701198268332,181.1533412311285,127.91479737732325,100.93721640028421,0.0,187.42036068413412,110.95377846078274,119.84533575061859,153.9484394688274,105.88186851091567,66.032306389692
Washington,146.57270088640584,166.4134449221136,68.55346820042244,89.46375415535091,117.41727085940072,196.9996358654045,205.45398712800315,244.58740198123388,255.62534565077752,202.42190838667779,149.3852751775459,200.02511083740094,120.68992484729856,220.49811400944196,103.19495128557892,233.49691231348376,66.45364313728726,147.323258155195,59.73643093100098,140.9404642643109,130.66554853463552,157.74337392202543,120.55589761308642,88.1367260120485,178.89787780279966,73.55263074759331,170.1897561574247,128.61430770306666,91.60340873224045,137.6897348919381,195.931497783722,49.864554801450915,125.94935792478005,170.57442718063024,190.4583265248441,54.456205132408094,167.50495562195962,100.66432335228048,93.33077572520892,149.78320079428798,212.7075939336037,148.09674529785525,213.76127874830115,73.74066248350577,67.98994268011955,39.874199155317925,72.50973278582347,56.272247207743014,118.26399789241677,106.00022816824719,114.76904356879393,30.906429508151714,26.760403272169178,110.25066173005045,110.73628948221506,193.46172428902818,153.04350869724487,187.42036068413412,0.0,232.4015656492176,80.37944757524556,157.22255444941956,81.99807612389175,170.84604925034904
Webster,175.5935263300226,145.073038609847,224.4612584251088,235.78813534892606,137.36493258717226,142.2692181527208,30.030220331866335,15.911303537252804,33.195381035777785,171.15736800349305,83.0888387997997,195.70747682127396,113.1753333245133,21.133504996710528,132.33969945826735,51.08455716346328,199.70904709332788,122.32981363714647,186.34708951594402,147.27373688814495,104.99467710574204,89.19572831495056,216.01152173653512,205.77418649159105,53.51046064628865,276.8322497912767,171.28914168904782,188.30558833742214,276.98099307005066,99.18055372114644,39.81548383066619,219.48241099256003,124.47031638447756,89.56652627360985,69.64126166972237,271.48762651726213,70.7181890220819,315.5852244915633,171.73993047976833,114.51234923287694,42.75037229287913,93.93566842717702,80.24483809204719,297.30406810643393,261.56184537310537,202.11269465673175,238.38051020902037,245.74741473087272,165.4111985307059,205.1983942293762,234.47965780904292,254.6462455069781,224.62955553934987,126.55845119667718,270.3051884705839,56.49162548187682,206.37207391293757,110.95377846078274,232.4015656492176,0.0,195.57399003382585,109.4913691336411,169.28644199040363,66.91766854474866
West Baton Rouge,66.72903261268273,91.27173176193966,29.933573600426698,41.49203624231302,58.82037981050883,121.7189641356438,165.68994896882404,203.86533361117122,210.39310447019378,123.26068219705296,121.88520788741596,119.64760887668851,88.70125520542052,190.41212463829694,70.40756286579318,180.59127657406574,13.934988426404518,156.3887807334976,30.72303880965181,67.66644025740028,116.99921385881062,107.68576341751951,46.377926937100355,14.291361796962477,146.48111372804198,84.85119952822244,90.69162989514903,48.24499269364441,81.53883515099089,97.53986193335714,167.52104220468783,34.93853861462167,131.02196304793858,164.9038168759899,136.7897966157839,87.09772346300973,147.44991748044225,124.07851464033673,24.119551479897666,88.47579130985514,164.27786056599598,137.24373326006395,153.10738666184082,112.89724874332353,68.8511291103269,43.55068955224718,43.24485200128382,55.421217367357386,42.36863291089342,29.036555352871602,51.81544119785772,80.9202103406476,55.23166916052373,105.98454901059118,77.04482362294898,174.75705732196388,73.97917127458423,119.84533575061859,80.37944757524556,195.57399003382585,0.0,160.40567229511078,29.374304760561202,128.65779671653632
West Carroll,181.08929790169637,167.83236238289803,180.97758167243066,200.21075705337964,122.23479565814276,184.59915937207316,98.14612044512047,125.33968317690898,142.06669304013602,208.9947155342225,61.534028734534246,225.4434323055752,80.63750527972852,89.59407705864817,93.13168516514388,142.53092556641323,156.48878231340154,13.478642112226876,136.06847637047622,152.50781054583913,46.89379983837497,104.32477609406983,199.88746494968828,174.41687142845785,72.4782817465576,221.1508171227661,191.25040796558156,181.44345586233538,230.23959487338058,86.97743596565647,71.56170261376576,167.4079327631152,31.781748861615483,20.196426656780492,120.8278669444941,207.98147486194432,45.97268899966966,255.28833898363973,143.49200713076638,126.47095515643478,120.00743700774183,31.185446955113758,149.10368817848118,230.43132644657612,208.97138437793637,142.43820869551638,194.2533361530869,192.42525165550944,154.28718196614085,183.44045170139145,211.35324544601022,186.15158590444685,161.30308743612716,54.63612616413623,235.04156832296604,53.50443528587685,209.07687587627842,153.9484394688274,157.22255444941956,109.4913691336411,160.40567229511078,0.0,131.52742467994582,90.26155583144426
West Feliciana,71.71281566906549,85.20286450347882,55.585547015762124,70.66213539791211,37.070274762912526,115.51120980053412,139.73871735315444,178.57682803735813,186.41809150087627,123.9274251876647,93.1237464148429,126.52417271555625,59.780389653549996,162.80815891134924,41.12223295854365,159.00795277683042,30.43488969281007,128.11381922313288,22.38401161730571,59.546097789663065,87.65146779757411,83.72250606904475,70.21781403791111,42.998151144838396,118.75725569866773,107.78287444008217,93.18127438857434,60.193149756415565,108.28434479670027,70.25281614905352,139.44566140700334,51.14947806852524,102.81829653034883,135.56615453372362,114.93238286534658,105.05660861989703,118.3453325312054,146.84763603336995,15.913680941219647,69.5903666124621,140.83124732420174,107.88164477409677,134.88712542592992,131.36079007745613,92.3283942304407,42.3696515044916,69.64693768823982,76.80086891715757,39.86853854972757,52.91824817191837,79.86137073813899,92.86890251046864,62.816611696197654,77.4450526892662,106.21629227581002,145.74125526560326,89.3500343516035,105.88186851091567,81.99807612389175,169.28644199040363,29.374304760561202,131.52742467994582,0.0,102.70002632219717
Winn,114.6975385402667,89.67173850371034,157.63104889927186,168.9537013739751,70.58656184312382,98.55455495454726,37.08566921888889,75.94568519010686,85.08425444687731,125.64183003713067,32.2073466545747,146.30637413202342,50.26902860630758,64.06795040747141,68.01985562944934,65.06288509374288,133.05732339239657,98.36496950484607,120.74060064770912,84.83368059231658,58.006944205190734,24.16909496692356,150.96817858902372,138.95479276308646,25.086069199989417,210.4517910991567,115.97444670537823,124.42116446954631,210.0915756324888,33.53837286699173,45.32769254950286,153.3560278244881,86.69985335742876,77.63799833790105,31.005264794940423,206.17896449418095,46.390879902830285,249.40919195232416,104.83428222647835,51.732673364646736,42.51887891961275,60.69882283849267,60.04703017183653,232.25524652481477,195.0267303416999,137.63768144769526,171.5160958517222,179.41371708170115,99.92339533199826,139.13555245437612,168.6758100293002,190.61710239314868,160.2026878409008,76.2671944147121,203.6452176314002,63.051516893847506,145.69945415450306,66.032306389692,170.84604925034904,66.91766854474866,128.65779671653632,90.26155583144426,102.70002632219717,0.0
